Target,Model,Class,Accuracy,Precision,Recall,F1-Score,Support
kessler_dummy2,decision_tree,0,0.6327769347496206,0.9215686274509803,0.6416382252559727,0.7565392354124747,586.0
kessler_dummy2,decision_tree,1,0.6327769347496206,0.16334661354581673,0.5616438356164384,0.25308641975308643,73.0
kessler_dummy3,decision_tree,0,0.644916540212443,0.8735632183908046,0.6797853309481217,0.7645875251509056,559.0
kessler_dummy3,decision_tree,1,0.644916540212443,0.20089285714285715,0.45,0.2777777777777778,100.0
kessler_dummy4,decision_tree,0,0.6009104704097117,0.8795811518324608,0.6075949367088608,0.7187165775401069,553.0
kessler_dummy4,decision_tree,1,0.6009104704097117,0.21660649819494585,0.5660377358490566,0.3133159268929504,106.0
